time,pp_0,pp_inf
0,0,0
1,1010510.2220199,1010510.222018
