time,pp_0,pp_inf
0,0,0
1,1010510.2220185,1010510.2220193
