time,pp_0,pp_inf
0,0,0
1,1010510.2220186,1010510.2220191
