time,pp_0,pp_inf
0,0,0
1,1010231.9181064,1010231.9114776
